,arg_scorer,min-arg-quality,min-similarity,p,R-1,R-2,R-L,Unnamed: 0
0,arg-quality,0.8,0.0,0.0,0.0,0.0,0.0,
1,arg-quality,0.8,0.0,0.2,0.0,0.0,0.0,
2,arg-quality,0.8,0.0,0.4,0.0,0.0,0.0,
3,arg-quality,0.8,0.0,0.6000000000000001,0.0,0.0,0.0,
4,arg-quality,0.8,0.0,0.8,0.0,0.0,0.0,
5,arg-quality,0.8,0.0,1.0,0.0,0.0,0.0,
6,arg-quality,0.8,0.2,0.0,0.0,0.0,0.0,
7,arg-quality,0.8,0.2,0.2,0.0,0.0,0.0,
8,arg-quality,0.8,0.2,0.4,0.0,0.0,0.0,
9,arg-quality,0.8,0.2,0.6000000000000001,0.0,0.0,0.0,
10,arg-quality,0.8,0.2,0.8,0.0,0.0,0.0,
11,arg-quality,0.8,0.2,1.0,0.0,0.0,0.0,
12,arg-quality,0.8,0.4,0.0,0.0,0.0,0.0,
13,arg-quality,0.8,0.4,0.2,0.0,0.0,0.0,
14,arg-quality,0.8,0.4,0.4,0.0,0.0,0.0,
15,arg-quality,0.8,0.4,0.6000000000000001,0.0,0.0,0.0,
16,arg-quality,0.8,0.4,0.8,0.0,0.0,0.0,
17,arg-quality,0.8,0.4,1.0,0.0,0.0,0.0,
18,arg-quality,0.8,0.6000000000000001,0.0,0.0,0.0,0.0,
19,arg-quality,0.8,0.6000000000000001,0.2,0.0,0.0,0.0,
20,arg-quality,0.8,0.6000000000000001,0.4,0.0,0.0,0.0,
21,arg-quality,0.8,0.6000000000000001,0.6000000000000001,0.0,0.0,0.0,
22,arg-quality,0.8,0.6000000000000001,0.8,0.0,0.0,0.0,
23,arg-quality,0.8,0.6000000000000001,1.0,0.0,0.0,0.0,
24,arg-quality,0.8,0.8,0.0,0.0,0.0,0.0,
25,arg-quality,0.8,0.8,0.2,0.0,0.0,0.0,
26,arg-quality,0.8,0.8,0.4,0.0,0.0,0.0,
27,arg-quality,0.8,0.8,0.6000000000000001,0.0,0.0,0.0,
28,arg-quality,0.8,0.8,0.8,0.0,0.0,0.0,
29,arg-quality,0.8,0.8,1.0,0.0,0.0,0.0,
0,claim-lexicon,0.0,0.0,0.0,0.4122549566231728,0.3987954740975886,0.371142099853089,0.0
1,claim-lexicon,0.0,0.0,0.2,0.4122549566231728,0.3978971064340429,0.36379789745571056,1.0
2,claim-lexicon,0.0,0.0,0.4,0.4122549566231728,0.3979836431703071,0.36395268423691945,2.0
3,claim-lexicon,0.0,0.0,0.6000000000000001,0.4122549566231728,0.3978460506966072,0.3620124942085128,3.0
4,claim-lexicon,0.0,0.0,0.8,0.4122549566231728,0.3976000110402266,0.36233996271267466,4.0
5,claim-lexicon,0.0,0.0,1.0,0.4122549566231728,0.3967098109153711,0.35846470427078275,5.0
6,claim-lexicon,0.0,0.2,0.0,0.4122549566231728,0.3987954740975886,0.371142099853089,6.0
7,claim-lexicon,0.0,0.2,0.2,0.4122549566231728,0.3978971064340429,0.36379789745571056,7.0
8,claim-lexicon,0.0,0.2,0.4,0.4122549566231728,0.3979836431703071,0.36395268423691945,8.0
9,claim-lexicon,0.0,0.2,0.6000000000000001,0.4122549566231728,0.3978460506966072,0.3620124942085128,9.0
10,claim-lexicon,0.0,0.2,0.8,0.4122549566231728,0.3976000110402266,0.36233996271267466,10.0
11,claim-lexicon,0.0,0.2,1.0,0.4122549566231728,0.3967098109153711,0.35846470427078275,11.0
12,claim-lexicon,0.0,0.4,0.0,0.4122549566231728,0.3987954740975886,0.371142099853089,12.0
13,claim-lexicon,0.0,0.4,0.2,0.4122549566231728,0.3978971064340429,0.36379789745571056,13.0
14,claim-lexicon,0.0,0.4,0.4,0.4122549566231728,0.3978248591670552,0.3639487967887519,14.0
15,claim-lexicon,0.0,0.4,0.6000000000000001,0.4122549566231728,0.3971035200217196,0.361988587349635,15.0
16,claim-lexicon,0.0,0.4,0.8,0.4122549566231728,0.3976069622973566,0.3623059794693255,16.0
17,claim-lexicon,0.0,0.4,1.0,0.4122549566231728,0.3972630461082803,0.3572369851632231,17.0
18,claim-lexicon,0.0,0.6000000000000001,0.0,0.4122549566231728,0.3987954740975886,0.371142099853089,18.0
19,claim-lexicon,0.0,0.6000000000000001,0.2,0.4122549566231728,0.39769645450094016,0.36205155668474776,19.0
20,claim-lexicon,0.0,0.6000000000000001,0.4,0.4122549566231728,0.3979346017427342,0.3645815015620194,20.0
21,claim-lexicon,0.0,0.6000000000000001,0.6000000000000001,0.4122549566231728,0.3979109491576487,0.3644669331408125,21.0
22,claim-lexicon,0.0,0.6000000000000001,0.8,0.4122549566231728,0.3981065037453329,0.36560330923554973,22.0
23,claim-lexicon,0.0,0.6000000000000001,1.0,0.4122549566231728,0.3990339750130099,0.3765088353018888,23.0
24,claim-lexicon,0.0,0.8,0.0,0.4122549566231728,0.3987954740975886,0.371142099853089,24.0
25,claim-lexicon,0.0,0.8,0.2,0.4122549566231728,0.3980268142983711,0.3635013201758807,25.0
26,claim-lexicon,0.0,0.8,0.4,0.4122549566231728,0.3981675054552288,0.3643152958250576,26.0
27,claim-lexicon,0.0,0.8,0.6000000000000001,0.4122549566231728,0.39863406728061584,0.3626436205694333,27.0
28,claim-lexicon,0.0,0.8,0.8,0.4122549566231728,0.3985699911108706,0.363637177156528,28.0
29,claim-lexicon,0.0,0.8,1.0,0.4122549566231728,0.4015474753517735,0.4099520347693271,29.0
30,claim-lexicon,0.2,0.0,0.0,0.01161492992121302,0.005204319253495099,0.009178035071627516,30.0
31,claim-lexicon,0.2,0.0,0.2,0.01161492992121302,0.005204319253495099,0.009178035071627516,31.0
32,claim-lexicon,0.2,0.0,0.4,0.01161492992121302,0.005204319253495099,0.009178035071627516,32.0
33,claim-lexicon,0.2,0.0,0.6000000000000001,0.01161492992121302,0.005204319253495099,0.009178035071627516,33.0
34,claim-lexicon,0.2,0.0,0.8,0.01161492992121302,0.005204319253495099,0.009178035071627516,34.0
35,claim-lexicon,0.2,0.0,1.0,0.01161492992121302,0.005204319253495099,0.009178035071627516,35.0
36,claim-lexicon,0.2,0.2,0.0,0.01161492992121302,0.005204319253495099,0.009178035071627516,36.0
37,claim-lexicon,0.2,0.2,0.2,0.01161492992121302,0.005204319253495099,0.009178035071627516,37.0
38,claim-lexicon,0.2,0.2,0.4,0.01161492992121302,0.005204319253495099,0.009178035071627516,38.0
39,claim-lexicon,0.2,0.2,0.6000000000000001,0.01161492992121302,0.005204319253495099,0.009178035071627516,39.0
40,claim-lexicon,0.2,0.2,0.8,0.01161492992121302,0.005204319253495099,0.009178035071627516,40.0
41,claim-lexicon,0.2,0.2,1.0,0.01161492992121302,0.005204319253495099,0.009178035071627516,41.0
42,claim-lexicon,0.2,0.4,0.0,0.01161492992121302,0.005204319253495099,0.009178035071627516,42.0
43,claim-lexicon,0.2,0.4,0.2,0.01161492992121302,0.005204319253495099,0.009178035071627516,43.0
44,claim-lexicon,0.2,0.4,0.4,0.01161492992121302,0.005204319253495099,0.009178035071627516,44.0
45,claim-lexicon,0.2,0.4,0.6000000000000001,0.01161492992121302,0.005204319253495099,0.009178035071627516,45.0
46,claim-lexicon,0.2,0.4,0.8,0.01161492992121302,0.005204319253495099,0.009178035071627516,46.0
47,claim-lexicon,0.2,0.4,1.0,0.01161492992121302,0.005204319253495099,0.009178035071627516,47.0
48,claim-lexicon,0.2,0.6000000000000001,0.0,0.01161492992121302,0.005204319253495099,0.009178035071627516,48.0
49,claim-lexicon,0.2,0.6000000000000001,0.2,0.01161492992121302,0.005204319253495099,0.009178035071627516,49.0
50,claim-lexicon,0.2,0.6000000000000001,0.4,0.01161492992121302,0.005204319253495099,0.009178035071627516,50.0
51,claim-lexicon,0.2,0.6000000000000001,0.6000000000000001,0.01161492992121302,0.005204319253495099,0.009178035071627516,51.0
52,claim-lexicon,0.2,0.6000000000000001,0.8,0.01161492992121302,0.005204319253495099,0.009178035071627516,52.0
53,claim-lexicon,0.2,0.6000000000000001,1.0,0.01161492992121302,0.005204319253495099,0.010003295710994226,53.0
54,claim-lexicon,0.2,0.8,0.0,0.01161492992121302,0.005204319253495099,0.009178035071627516,54.0
55,claim-lexicon,0.2,0.8,0.2,0.01161492992121302,0.005204319253495099,0.009178035071627516,55.0
56,claim-lexicon,0.2,0.8,0.4,0.01161492992121302,0.005204319253495099,0.009178035071627516,56.0
57,claim-lexicon,0.2,0.8,0.6000000000000001,0.01161492992121302,0.005204319253495099,0.009178035071627516,57.0
58,claim-lexicon,0.2,0.8,0.8,0.01161492992121302,0.005204319253495099,0.009178035071627516,58.0
59,claim-lexicon,0.2,0.8,1.0,0.01161492992121302,0.005204319253495099,0.010003295710994226,59.0
60,claim-lexicon,0.4,0.0,0.0,0.0,0.0,0.0,60.0
61,claim-lexicon,0.4,0.0,0.2,0.0,0.0,0.0,61.0
62,claim-lexicon,0.4,0.0,0.4,0.0,0.0,0.0,62.0
63,claim-lexicon,0.4,0.0,0.6000000000000001,0.0,0.0,0.0,63.0
64,claim-lexicon,0.4,0.0,0.8,0.0,0.0,0.0,64.0
65,claim-lexicon,0.4,0.0,1.0,0.0,0.0,0.0,65.0
66,claim-lexicon,0.4,0.2,0.0,0.0,0.0,0.0,66.0
67,claim-lexicon,0.4,0.2,0.2,0.0,0.0,0.0,67.0
68,claim-lexicon,0.4,0.2,0.4,0.0,0.0,0.0,68.0
69,claim-lexicon,0.4,0.2,0.6000000000000001,0.0,0.0,0.0,69.0
70,claim-lexicon,0.4,0.2,0.8,0.0,0.0,0.0,70.0
71,claim-lexicon,0.4,0.2,1.0,0.0,0.0,0.0,71.0
72,claim-lexicon,0.4,0.4,0.0,0.0,0.0,0.0,72.0
73,claim-lexicon,0.4,0.4,0.2,0.0,0.0,0.0,73.0
74,claim-lexicon,0.4,0.4,0.4,0.0,0.0,0.0,74.0
75,claim-lexicon,0.4,0.4,0.6000000000000001,0.0,0.0,0.0,75.0
76,claim-lexicon,0.4,0.4,0.8,0.0,0.0,0.0,76.0
77,claim-lexicon,0.4,0.4,1.0,0.0,0.0,0.0,77.0
78,claim-lexicon,0.4,0.6000000000000001,0.0,0.0,0.0,0.0,78.0
79,claim-lexicon,0.4,0.6000000000000001,0.2,0.0,0.0,0.0,79.0
80,claim-lexicon,0.4,0.6000000000000001,0.4,0.0,0.0,0.0,80.0
81,claim-lexicon,0.4,0.6000000000000001,0.6000000000000001,0.0,0.0,0.0,81.0
82,claim-lexicon,0.4,0.6000000000000001,0.8,0.0,0.0,0.0,82.0
83,claim-lexicon,0.4,0.6000000000000001,1.0,0.0,0.0,0.0,83.0
84,claim-lexicon,0.4,0.8,0.0,0.0,0.0,0.0,84.0
85,claim-lexicon,0.4,0.8,0.2,0.0,0.0,0.0,85.0
86,claim-lexicon,0.4,0.8,0.4,0.0,0.0,0.0,86.0
87,claim-lexicon,0.4,0.8,0.6000000000000001,0.0,0.0,0.0,87.0
88,claim-lexicon,0.4,0.8,0.8,0.0,0.0,0.0,88.0
89,claim-lexicon,0.4,0.8,1.0,0.0,0.0,0.0,89.0
90,claim-lexicon,0.6000000000000001,0.0,0.0,0.0,0.0,0.0,90.0
91,claim-lexicon,0.6000000000000001,0.0,0.2,0.0,0.0,0.0,91.0
92,claim-lexicon,0.6000000000000001,0.0,0.4,0.0,0.0,0.0,92.0
93,claim-lexicon,0.6000000000000001,0.0,0.6000000000000001,0.0,0.0,0.0,93.0
94,claim-lexicon,0.6000000000000001,0.0,0.8,0.0,0.0,0.0,94.0
95,claim-lexicon,0.6000000000000001,0.0,1.0,0.0,0.0,0.0,95.0
96,claim-lexicon,0.6000000000000001,0.2,0.0,0.0,0.0,0.0,96.0
97,claim-lexicon,0.6000000000000001,0.2,0.2,0.0,0.0,0.0,97.0
98,claim-lexicon,0.6000000000000001,0.2,0.4,0.0,0.0,0.0,98.0
99,claim-lexicon,0.6000000000000001,0.2,0.6000000000000001,0.0,0.0,0.0,99.0
100,claim-lexicon,0.6000000000000001,0.2,0.8,0.0,0.0,0.0,100.0
101,claim-lexicon,0.6000000000000001,0.2,1.0,0.0,0.0,0.0,101.0
102,claim-lexicon,0.6000000000000001,0.4,0.0,0.0,0.0,0.0,102.0
103,claim-lexicon,0.6000000000000001,0.4,0.2,0.0,0.0,0.0,103.0
104,claim-lexicon,0.6000000000000001,0.4,0.4,0.0,0.0,0.0,104.0
105,claim-lexicon,0.6000000000000001,0.4,0.6000000000000001,0.0,0.0,0.0,105.0
106,claim-lexicon,0.6000000000000001,0.4,0.8,0.0,0.0,0.0,106.0
107,claim-lexicon,0.6000000000000001,0.4,1.0,0.0,0.0,0.0,107.0
108,claim-lexicon,0.6000000000000001,0.6000000000000001,0.0,0.0,0.0,0.0,108.0
109,claim-lexicon,0.6000000000000001,0.6000000000000001,0.2,0.0,0.0,0.0,109.0
110,claim-lexicon,0.6000000000000001,0.6000000000000001,0.4,0.0,0.0,0.0,110.0
111,claim-lexicon,0.6000000000000001,0.6000000000000001,0.6000000000000001,0.0,0.0,0.0,111.0
112,claim-lexicon,0.6000000000000001,0.6000000000000001,0.8,0.0,0.0,0.0,112.0
113,claim-lexicon,0.6000000000000001,0.6000000000000001,1.0,0.0,0.0,0.0,113.0
114,claim-lexicon,0.6000000000000001,0.8,0.0,0.0,0.0,0.0,114.0
115,claim-lexicon,0.6000000000000001,0.8,0.2,0.0,0.0,0.0,115.0
116,claim-lexicon,0.6000000000000001,0.8,0.4,0.0,0.0,0.0,116.0
117,claim-lexicon,0.6000000000000001,0.8,0.6000000000000001,0.0,0.0,0.0,117.0
118,claim-lexicon,0.6000000000000001,0.8,0.8,0.0,0.0,0.0,118.0
119,claim-lexicon,0.6000000000000001,0.8,1.0,0.0,0.0,0.0,119.0
120,claim-lexicon,0.8,0.0,0.0,0.0,0.0,0.0,120.0
121,claim-lexicon,0.8,0.0,0.2,0.0,0.0,0.0,121.0
122,claim-lexicon,0.8,0.0,0.4,0.0,0.0,0.0,122.0
123,claim-lexicon,0.8,0.0,0.6000000000000001,0.0,0.0,0.0,123.0
124,claim-lexicon,0.8,0.0,0.8,0.0,0.0,0.0,124.0
125,claim-lexicon,0.8,0.0,1.0,0.0,0.0,0.0,125.0
126,claim-lexicon,0.8,0.2,0.0,0.0,0.0,0.0,126.0
127,claim-lexicon,0.8,0.2,0.2,0.0,0.0,0.0,127.0
128,claim-lexicon,0.8,0.2,0.4,0.0,0.0,0.0,128.0
129,claim-lexicon,0.8,0.2,0.6000000000000001,0.0,0.0,0.0,129.0
130,claim-lexicon,0.8,0.2,0.8,0.0,0.0,0.0,130.0
131,claim-lexicon,0.8,0.2,1.0,0.0,0.0,0.0,131.0
132,claim-lexicon,0.8,0.4,0.0,0.0,0.0,0.0,132.0
133,claim-lexicon,0.8,0.4,0.2,0.0,0.0,0.0,133.0
134,claim-lexicon,0.8,0.4,0.4,0.0,0.0,0.0,134.0
135,claim-lexicon,0.8,0.4,0.6000000000000001,0.0,0.0,0.0,135.0
136,claim-lexicon,0.8,0.4,0.8,0.0,0.0,0.0,136.0
137,claim-lexicon,0.8,0.4,1.0,0.0,0.0,0.0,137.0
138,claim-lexicon,0.8,0.6000000000000001,0.0,0.0,0.0,0.0,138.0
139,claim-lexicon,0.8,0.6000000000000001,0.2,0.0,0.0,0.0,139.0
140,claim-lexicon,0.8,0.6000000000000001,0.4,0.0,0.0,0.0,140.0
141,claim-lexicon,0.8,0.6000000000000001,0.6000000000000001,0.0,0.0,0.0,141.0
142,claim-lexicon,0.8,0.6000000000000001,0.8,0.0,0.0,0.0,142.0
143,claim-lexicon,0.8,0.6000000000000001,1.0,0.0,0.0,0.0,143.0
144,claim-lexicon,0.8,0.8,0.0,0.0,0.0,0.0,144.0
145,claim-lexicon,0.8,0.8,0.2,0.0,0.0,0.0,145.0
146,claim-lexicon,0.8,0.8,0.4,0.0,0.0,0.0,146.0
147,claim-lexicon,0.8,0.8,0.6000000000000001,0.0,0.0,0.0,147.0
148,claim-lexicon,0.8,0.8,0.8,0.0,0.0,0.0,148.0
149,claim-lexicon,0.8,0.8,1.0,0.0,0.0,0.0,149.0
150,claim_identifier,0.0,0.0,0.0,0.4122549566231728,0.3987954740975886,0.371142099853089,0.0
151,claim_identifier,0.0,0.0,0.2,0.4122549566231728,0.3978971064340429,0.36379789745571056,1.0
152,claim_identifier,0.0,0.0,0.4,0.4122549566231728,0.3979836431703071,0.36395268423691945,2.0
153,claim_identifier,0.0,0.0,0.6000000000000001,0.4122549566231728,0.3978460506966072,0.3620124942085128,3.0
154,claim_identifier,0.0,0.0,0.8,0.4122549566231728,0.3976000110402266,0.36233996271267466,4.0
155,claim_identifier,0.0,0.0,1.0,0.4122549566231728,0.3967098109153711,0.35846470427078275,5.0
156,claim_identifier,0.0,0.2,0.0,0.4122549566231728,0.3987954740975886,0.371142099853089,6.0
157,claim_identifier,0.0,0.2,0.2,0.4122549566231728,0.3978971064340429,0.36379789745571056,7.0
158,claim_identifier,0.0,0.2,0.4,0.4122549566231728,0.3979836431703071,0.36395268423691945,8.0
159,claim_identifier,0.0,0.2,0.6000000000000001,0.4122549566231728,0.3978460506966072,0.3620124942085128,9.0
160,claim_identifier,0.0,0.2,0.8,0.4122549566231728,0.3976000110402266,0.36233996271267466,10.0
161,claim_identifier,0.0,0.2,1.0,0.4122549566231728,0.3967098109153711,0.35846470427078275,11.0
162,claim_identifier,0.0,0.4,0.0,0.4122549566231728,0.3987954740975886,0.371142099853089,12.0
163,claim_identifier,0.0,0.4,0.2,0.4122549566231728,0.3978971064340429,0.36379789745571056,13.0
164,claim_identifier,0.0,0.4,0.4,0.4122549566231728,0.3978248591670552,0.3639487967887519,14.0
165,claim_identifier,0.0,0.4,0.6000000000000001,0.4122549566231728,0.3971035200217196,0.361988587349635,15.0
166,claim_identifier,0.0,0.4,0.8,0.4122549566231728,0.3976069622973566,0.3623059794693255,16.0
167,claim_identifier,0.0,0.4,1.0,0.4122549566231728,0.3972630461082803,0.3572369851632231,17.0
168,claim_identifier,0.0,0.6000000000000001,0.0,0.4122549566231728,0.3987954740975886,0.371142099853089,18.0
169,claim_identifier,0.0,0.6000000000000001,0.2,0.4122549566231728,0.39769645450094016,0.36205155668474776,19.0
170,claim_identifier,0.0,0.6000000000000001,0.4,0.4122549566231728,0.3979346017427342,0.3645815015620194,20.0
171,claim_identifier,0.0,0.6000000000000001,0.6000000000000001,0.4122549566231728,0.3979109491576487,0.3644669331408125,21.0
172,claim_identifier,0.0,0.6000000000000001,0.8,0.4122549566231728,0.3981065037453329,0.36560330923554973,22.0
173,claim_identifier,0.0,0.6000000000000001,1.0,0.4122549566231728,0.3990339750130099,0.3765088353018888,23.0
174,claim_identifier,0.0,0.8,0.0,0.4122549566231728,0.3987954740975886,0.371142099853089,24.0
175,claim_identifier,0.0,0.8,0.2,0.4122549566231728,0.3980268142983711,0.3635013201758807,25.0
176,claim_identifier,0.0,0.8,0.4,0.4122549566231728,0.3981675054552288,0.3643152958250576,26.0
177,claim_identifier,0.0,0.8,0.6000000000000001,0.4122549566231728,0.39863406728061584,0.3626436205694333,27.0
178,claim_identifier,0.0,0.8,0.8,0.4122549566231728,0.3985699911108706,0.363637177156528,28.0
179,claim_identifier,0.0,0.8,1.0,0.4122549566231728,0.4015474753517735,0.4099520347693271,29.0
180,claim_identifier,0.2,0.0,0.0,0.01161492992121302,0.005204319253495099,0.009178035071627516,30.0
181,claim_identifier,0.2,0.0,0.2,0.01161492992121302,0.005204319253495099,0.009178035071627516,31.0
182,claim_identifier,0.2,0.0,0.4,0.01161492992121302,0.005204319253495099,0.009178035071627516,32.0
183,claim_identifier,0.2,0.0,0.6000000000000001,0.01161492992121302,0.005204319253495099,0.009178035071627516,33.0
184,claim_identifier,0.2,0.0,0.8,0.01161492992121302,0.005204319253495099,0.009178035071627516,34.0
185,claim_identifier,0.2,0.0,1.0,0.01161492992121302,0.005204319253495099,0.009178035071627516,35.0
186,claim_identifier,0.2,0.2,0.0,0.01161492992121302,0.005204319253495099,0.009178035071627516,36.0
187,claim_identifier,0.2,0.2,0.2,0.01161492992121302,0.005204319253495099,0.009178035071627516,37.0
188,claim_identifier,0.2,0.2,0.4,0.01161492992121302,0.005204319253495099,0.009178035071627516,38.0
189,claim_identifier,0.2,0.2,0.6000000000000001,0.01161492992121302,0.005204319253495099,0.009178035071627516,39.0
190,claim_identifier,0.2,0.2,0.8,0.01161492992121302,0.005204319253495099,0.009178035071627516,40.0
191,claim_identifier,0.2,0.2,1.0,0.01161492992121302,0.005204319253495099,0.009178035071627516,41.0
192,claim_identifier,0.2,0.4,0.0,0.01161492992121302,0.005204319253495099,0.009178035071627516,42.0
193,claim_identifier,0.2,0.4,0.2,0.01161492992121302,0.005204319253495099,0.009178035071627516,43.0
194,claim_identifier,0.2,0.4,0.4,0.01161492992121302,0.005204319253495099,0.009178035071627516,44.0
195,claim_identifier,0.2,0.4,0.6000000000000001,0.01161492992121302,0.005204319253495099,0.009178035071627516,45.0
196,claim_identifier,0.2,0.4,0.8,0.01161492992121302,0.005204319253495099,0.009178035071627516,46.0
197,claim_identifier,0.2,0.4,1.0,0.01161492992121302,0.005204319253495099,0.009178035071627516,47.0
198,claim_identifier,0.2,0.6000000000000001,0.0,0.01161492992121302,0.005204319253495099,0.009178035071627516,48.0
199,claim_identifier,0.2,0.6000000000000001,0.2,0.01161492992121302,0.005204319253495099,0.009178035071627516,49.0
200,claim_identifier,0.2,0.6000000000000001,0.4,0.01161492992121302,0.005204319253495099,0.009178035071627516,50.0
201,claim_identifier,0.2,0.6000000000000001,0.6000000000000001,0.01161492992121302,0.005204319253495099,0.009178035071627516,51.0
202,claim_identifier,0.2,0.6000000000000001,0.8,0.01161492992121302,0.005204319253495099,0.009178035071627516,52.0
203,claim_identifier,0.2,0.6000000000000001,1.0,0.01161492992121302,0.005204319253495099,0.010003295710994226,53.0
204,claim_identifier,0.2,0.8,0.0,0.01161492992121302,0.005204319253495099,0.009178035071627516,54.0
205,claim_identifier,0.2,0.8,0.2,0.01161492992121302,0.005204319253495099,0.009178035071627516,55.0
206,claim_identifier,0.2,0.8,0.4,0.01161492992121302,0.005204319253495099,0.009178035071627516,56.0
207,claim_identifier,0.2,0.8,0.6000000000000001,0.01161492992121302,0.005204319253495099,0.009178035071627516,57.0
208,claim_identifier,0.2,0.8,0.8,0.01161492992121302,0.005204319253495099,0.009178035071627516,58.0
209,claim_identifier,0.2,0.8,1.0,0.01161492992121302,0.005204319253495099,0.010003295710994226,59.0
210,claim_identifier,0.4,0.0,0.0,0.0,0.0,0.0,60.0
211,claim_identifier,0.4,0.0,0.2,0.0,0.0,0.0,61.0
212,claim_identifier,0.4,0.0,0.4,0.0,0.0,0.0,62.0
213,claim_identifier,0.4,0.0,0.6000000000000001,0.0,0.0,0.0,63.0
214,claim_identifier,0.4,0.0,0.8,0.0,0.0,0.0,64.0
215,claim_identifier,0.4,0.0,1.0,0.0,0.0,0.0,65.0
216,claim_identifier,0.4,0.2,0.0,0.0,0.0,0.0,66.0
217,claim_identifier,0.4,0.2,0.2,0.0,0.0,0.0,67.0
218,claim_identifier,0.4,0.2,0.4,0.0,0.0,0.0,68.0
219,claim_identifier,0.4,0.2,0.6000000000000001,0.0,0.0,0.0,69.0
220,claim_identifier,0.4,0.2,0.8,0.0,0.0,0.0,70.0
221,claim_identifier,0.4,0.2,1.0,0.0,0.0,0.0,71.0
222,claim_identifier,0.4,0.4,0.0,0.0,0.0,0.0,72.0
223,claim_identifier,0.4,0.4,0.2,0.0,0.0,0.0,73.0
224,claim_identifier,0.4,0.4,0.4,0.0,0.0,0.0,74.0
225,claim_identifier,0.4,0.4,0.6000000000000001,0.0,0.0,0.0,75.0
226,claim_identifier,0.4,0.4,0.8,0.0,0.0,0.0,76.0
227,claim_identifier,0.4,0.4,1.0,0.0,0.0,0.0,77.0
228,claim_identifier,0.4,0.6000000000000001,0.0,0.0,0.0,0.0,78.0
229,claim_identifier,0.4,0.6000000000000001,0.2,0.0,0.0,0.0,79.0
230,claim_identifier,0.4,0.6000000000000001,0.4,0.0,0.0,0.0,80.0
231,claim_identifier,0.4,0.6000000000000001,0.6000000000000001,0.0,0.0,0.0,81.0
232,claim_identifier,0.4,0.6000000000000001,0.8,0.0,0.0,0.0,82.0
233,claim_identifier,0.4,0.6000000000000001,1.0,0.0,0.0,0.0,83.0
234,claim_identifier,0.4,0.8,0.0,0.0,0.0,0.0,84.0
235,claim_identifier,0.4,0.8,0.2,0.0,0.0,0.0,85.0
236,claim_identifier,0.4,0.8,0.4,0.0,0.0,0.0,86.0
237,claim_identifier,0.4,0.8,0.6000000000000001,0.0,0.0,0.0,87.0
238,claim_identifier,0.4,0.8,0.8,0.0,0.0,0.0,88.0
239,claim_identifier,0.4,0.8,1.0,0.0,0.0,0.0,89.0
240,claim_identifier,0.6000000000000001,0.0,0.0,0.0,0.0,0.0,90.0
241,claim_identifier,0.6000000000000001,0.0,0.2,0.0,0.0,0.0,91.0
242,claim_identifier,0.6000000000000001,0.0,0.4,0.0,0.0,0.0,92.0
243,claim_identifier,0.6000000000000001,0.0,0.6000000000000001,0.0,0.0,0.0,93.0
244,claim_identifier,0.6000000000000001,0.0,0.8,0.0,0.0,0.0,94.0
245,claim_identifier,0.6000000000000001,0.0,1.0,0.0,0.0,0.0,95.0
246,claim_identifier,0.6000000000000001,0.2,0.0,0.0,0.0,0.0,96.0
247,claim_identifier,0.6000000000000001,0.2,0.2,0.0,0.0,0.0,97.0
248,claim_identifier,0.6000000000000001,0.2,0.4,0.0,0.0,0.0,98.0
249,claim_identifier,0.6000000000000001,0.2,0.6000000000000001,0.0,0.0,0.0,99.0
250,claim_identifier,0.6000000000000001,0.2,0.8,0.0,0.0,0.0,100.0
251,claim_identifier,0.6000000000000001,0.2,1.0,0.0,0.0,0.0,101.0
252,claim_identifier,0.6000000000000001,0.4,0.0,0.0,0.0,0.0,102.0
253,claim_identifier,0.6000000000000001,0.4,0.2,0.0,0.0,0.0,103.0
254,claim_identifier,0.6000000000000001,0.4,0.4,0.0,0.0,0.0,104.0
255,claim_identifier,0.6000000000000001,0.4,0.6000000000000001,0.0,0.0,0.0,105.0
256,claim_identifier,0.6000000000000001,0.4,0.8,0.0,0.0,0.0,106.0
257,claim_identifier,0.6000000000000001,0.4,1.0,0.0,0.0,0.0,107.0
258,claim_identifier,0.6000000000000001,0.6000000000000001,0.0,0.0,0.0,0.0,108.0
259,claim_identifier,0.6000000000000001,0.6000000000000001,0.2,0.0,0.0,0.0,109.0
260,claim_identifier,0.6000000000000001,0.6000000000000001,0.4,0.0,0.0,0.0,110.0
261,claim_identifier,0.6000000000000001,0.6000000000000001,0.6000000000000001,0.0,0.0,0.0,111.0
262,claim_identifier,0.6000000000000001,0.6000000000000001,0.8,0.0,0.0,0.0,112.0
263,claim_identifier,0.6000000000000001,0.6000000000000001,1.0,0.0,0.0,0.0,113.0
264,claim_identifier,0.6000000000000001,0.8,0.0,0.0,0.0,0.0,114.0
265,claim_identifier,0.6000000000000001,0.8,0.2,0.0,0.0,0.0,115.0
266,claim_identifier,0.6000000000000001,0.8,0.4,0.0,0.0,0.0,116.0
267,claim_identifier,0.6000000000000001,0.8,0.6000000000000001,0.0,0.0,0.0,117.0
268,claim_identifier,0.6000000000000001,0.8,0.8,0.0,0.0,0.0,118.0
269,claim_identifier,0.6000000000000001,0.8,1.0,0.0,0.0,0.0,119.0
270,claim_identifier,0.8,0.0,0.0,0.0,0.0,0.0,120.0
271,claim_identifier,0.8,0.0,0.2,0.0,0.0,0.0,121.0
272,claim_identifier,0.8,0.0,0.4,0.0,0.0,0.0,122.0
273,claim_identifier,0.8,0.0,0.6000000000000001,0.0,0.0,0.0,123.0
274,claim_identifier,0.8,0.0,0.8,0.0,0.0,0.0,124.0
275,claim_identifier,0.8,0.0,1.0,0.0,0.0,0.0,125.0
276,claim_identifier,0.8,0.2,0.0,0.0,0.0,0.0,126.0
277,claim_identifier,0.8,0.2,0.2,0.0,0.0,0.0,127.0
278,claim_identifier,0.8,0.2,0.4,0.0,0.0,0.0,128.0
279,claim_identifier,0.8,0.2,0.6000000000000001,0.0,0.0,0.0,129.0
280,claim_identifier,0.8,0.2,0.8,0.0,0.0,0.0,130.0
281,claim_identifier,0.8,0.2,1.0,0.0,0.0,0.0,131.0
282,claim_identifier,0.8,0.4,0.0,0.0,0.0,0.0,132.0
283,claim_identifier,0.8,0.4,0.2,0.0,0.0,0.0,133.0
284,claim_identifier,0.8,0.4,0.4,0.0,0.0,0.0,134.0
285,claim_identifier,0.8,0.4,0.6000000000000001,0.0,0.0,0.0,135.0
286,claim_identifier,0.8,0.4,0.8,0.0,0.0,0.0,136.0
287,claim_identifier,0.8,0.4,1.0,0.0,0.0,0.0,137.0
288,claim_identifier,0.8,0.6000000000000001,0.0,0.0,0.0,0.0,138.0
289,claim_identifier,0.8,0.6000000000000001,0.2,0.0,0.0,0.0,139.0
290,claim_identifier,0.8,0.6000000000000001,0.4,0.0,0.0,0.0,140.0
291,claim_identifier,0.8,0.6000000000000001,0.6000000000000001,0.0,0.0,0.0,141.0
292,claim_identifier,0.8,0.6000000000000001,0.8,0.0,0.0,0.0,142.0
293,claim_identifier,0.8,0.6000000000000001,1.0,0.0,0.0,0.0,143.0
294,claim_identifier,0.8,0.8,0.0,0.0,0.0,0.0,144.0
295,claim_identifier,0.8,0.8,0.2,0.0,0.0,0.0,145.0
296,claim_identifier,0.8,0.8,0.4,0.0,0.0,0.0,146.0
297,claim_identifier,0.8,0.8,0.6000000000000001,0.0,0.0,0.0,147.0
298,claim_identifier,0.8,0.8,0.8,0.0,0.0,0.0,148.0
299,claim_identifier,0.8,0.8,1.0,0.0,0.0,0.0,149.0
300,arg-quality,0.0,0.0,0.0,0.4122549566231728,0.397075526010484,0.3418135617514277,150.0
301,arg-quality,0.0,0.0,0.2,0.4122549566231728,0.396634350495193,0.3383952335960906,151.0
302,arg-quality,0.0,0.0,0.4,0.4122549566231728,0.3954893730271861,0.3379938334425955,152.0
303,arg-quality,0.0,0.0,0.6000000000000001,0.4122549566231728,0.39700172322143606,0.3469988412626078,153.0
304,arg-quality,0.0,0.0,0.8,0.4122549566231728,0.3971685182119386,0.3511187569478351,154.0
305,arg-quality,0.0,0.0,1.0,0.4122549566231728,0.396492297819718,0.35594931782897976,155.0
306,arg-quality,0.0,0.2,0.0,0.4122549566231728,0.397075526010484,0.3418135617514277,156.0
307,arg-quality,0.0,0.2,0.2,0.4122549566231728,0.396634350495193,0.3383952335960906,157.0
308,arg-quality,0.0,0.2,0.4,0.4122549566231728,0.3954893730271861,0.3379938334425955,158.0
309,arg-quality,0.0,0.2,0.6000000000000001,0.4122549566231728,0.39700172322143606,0.3469988412626078,159.0
310,arg-quality,0.0,0.2,0.8,0.4122549566231728,0.3971685182119386,0.3511187569478351,160.0
311,arg-quality,0.0,0.2,1.0,0.4122549566231728,0.396492297819718,0.35594931782897976,161.0
312,arg-quality,0.0,0.4,0.0,0.4122549566231728,0.397075526010484,0.3418135617514277,162.0
313,arg-quality,0.0,0.4,0.2,0.4122549566231728,0.3964742159915609,0.3367880977631573,163.0
314,arg-quality,0.0,0.4,0.4,0.4122549566231728,0.3951955880954332,0.3387381849726936,164.0
315,arg-quality,0.0,0.4,0.6000000000000001,0.4122549566231728,0.3969141664624109,0.34522428975018543,165.0
316,arg-quality,0.0,0.4,0.8,0.4122549566231728,0.39744798426586897,0.34877398371918145,166.0
317,arg-quality,0.0,0.4,1.0,0.4122549566231728,0.3968938912510748,0.3545512193061898,167.0
318,arg-quality,0.0,0.6000000000000001,0.0,0.4122549566231728,0.397075526010484,0.3418135617514277,168.0
319,arg-quality,0.0,0.6000000000000001,0.2,0.4122549566231728,0.3964530862462373,0.33964103832393955,169.0
320,arg-quality,0.0,0.6000000000000001,0.4,0.4122549566231728,0.395742906759479,0.3408662394451885,170.0
321,arg-quality,0.0,0.6000000000000001,0.6000000000000001,0.4122549566231728,0.3962837184856755,0.3431545273413849,171.0
322,arg-quality,0.0,0.6000000000000001,0.8,0.4122549566231728,0.3963844678755049,0.3488168276403525,172.0
323,arg-quality,0.0,0.6000000000000001,1.0,0.4122549566231728,0.3986496132212445,0.3742855713602055,173.0
324,arg-quality,0.0,0.8,0.0,0.4122549566231728,0.397075526010484,0.3418135617514277,174.0
325,arg-quality,0.0,0.8,0.2,0.4122549566231728,0.39713679871664775,0.3417341452189032,175.0
326,arg-quality,0.0,0.8,0.4,0.4122549566231728,0.3966324457550846,0.3422400318151007,176.0
327,arg-quality,0.0,0.8,0.6000000000000001,0.4122549566231728,0.3960953104519566,0.3423987123816646,177.0
328,arg-quality,0.0,0.8,0.8,0.4122549566231728,0.3960953104519566,0.3464916948307721,178.0
329,arg-quality,0.0,0.8,1.0,0.4122549566231728,0.4015474753517735,0.4099520347693271,179.0
330,arg-quality,0.2,0.0,0.0,0.4122549566231728,0.397075526010484,0.3418135617514277,180.0
331,arg-quality,0.2,0.0,0.2,0.4122549566231728,0.396634350495193,0.3383952335960906,181.0
332,arg-quality,0.2,0.0,0.4,0.4122549566231728,0.3954893730271861,0.3379938334425955,182.0
333,arg-quality,0.2,0.0,0.6000000000000001,0.4122549566231728,0.39700172322143606,0.3469988412626078,183.0
334,arg-quality,0.2,0.0,0.8,0.4122549566231728,0.3971685182119386,0.3511187569478351,184.0
335,arg-quality,0.2,0.0,1.0,0.4122549566231728,0.396492297819718,0.35594931782897976,185.0
336,arg-quality,0.2,0.2,0.0,0.4122549566231728,0.397075526010484,0.3418135617514277,186.0
337,arg-quality,0.2,0.2,0.2,0.4122549566231728,0.396634350495193,0.3383952335960906,187.0
338,arg-quality,0.2,0.2,0.4,0.4122549566231728,0.3954893730271861,0.3379938334425955,188.0
339,arg-quality,0.2,0.2,0.6000000000000001,0.4122549566231728,0.39700172322143606,0.3469988412626078,189.0
340,arg-quality,0.2,0.2,0.8,0.4122549566231728,0.3971685182119386,0.3511187569478351,190.0
341,arg-quality,0.2,0.2,1.0,0.4122549566231728,0.396492297819718,0.35594931782897976,191.0
342,arg-quality,0.2,0.4,0.0,0.4122549566231728,0.397075526010484,0.3418135617514277,192.0
343,arg-quality,0.2,0.4,0.2,0.4122549566231728,0.3964742159915609,0.3367880977631573,193.0
344,arg-quality,0.2,0.4,0.4,0.4122549566231728,0.3951955880954332,0.3387381849726936,194.0
345,arg-quality,0.2,0.4,0.6000000000000001,0.4122549566231728,0.3969141664624109,0.34522428975018543,195.0
346,arg-quality,0.2,0.4,0.8,0.4122549566231728,0.39744798426586897,0.34877398371918145,196.0
347,arg-quality,0.2,0.4,1.0,0.4122549566231728,0.3968938912510748,0.3545512193061898,197.0
348,arg-quality,0.2,0.6000000000000001,0.0,0.4122549566231728,0.397075526010484,0.3418135617514277,198.0
349,arg-quality,0.2,0.6000000000000001,0.2,0.4122549566231728,0.3964530862462373,0.33964103832393955,199.0
350,arg-quality,0.2,0.6000000000000001,0.4,0.4122549566231728,0.395742906759479,0.3408662394451885,200.0
351,arg-quality,0.2,0.6000000000000001,0.6000000000000001,0.4122549566231728,0.3962837184856755,0.3431545273413849,201.0
352,arg-quality,0.2,0.6000000000000001,0.8,0.4122549566231728,0.3963844678755049,0.3488168276403525,202.0
353,arg-quality,0.2,0.6000000000000001,1.0,0.4122549566231728,0.3986496132212445,0.3742855713602055,203.0
354,arg-quality,0.2,0.8,0.0,0.4122549566231728,0.397075526010484,0.3418135617514277,204.0
355,arg-quality,0.2,0.8,0.2,0.4122549566231728,0.39713679871664775,0.3417341452189032,205.0
356,arg-quality,0.2,0.8,0.4,0.4122549566231728,0.3966324457550846,0.3422400318151007,206.0
357,arg-quality,0.2,0.8,0.6000000000000001,0.4122549566231728,0.3960953104519566,0.3423987123816646,207.0
358,arg-quality,0.2,0.8,0.8,0.4122549566231728,0.3960953104519566,0.3464916948307721,208.0
359,arg-quality,0.2,0.8,1.0,0.4122549566231728,0.4015474753517735,0.4099520347693271,209.0
360,arg-quality,0.4,0.0,0.0,0.4122549566231728,0.397075526010484,0.3418135617514277,210.0
361,arg-quality,0.4,0.0,0.2,0.4122549566231728,0.396634350495193,0.3383952335960906,211.0
362,arg-quality,0.4,0.0,0.4,0.4122549566231728,0.3954893730271861,0.3379938334425955,212.0
363,arg-quality,0.4,0.0,0.6000000000000001,0.4122549566231728,0.39700172322143606,0.3469988412626078,213.0
364,arg-quality,0.4,0.0,0.8,0.4122549566231728,0.3971685182119386,0.3511187569478351,214.0
365,arg-quality,0.4,0.0,1.0,0.4122549566231728,0.396492297819718,0.35594931782897976,215.0
366,arg-quality,0.4,0.2,0.0,0.4122549566231728,0.397075526010484,0.3418135617514277,216.0
367,arg-quality,0.4,0.2,0.2,0.4122549566231728,0.396634350495193,0.3383952335960906,217.0
368,arg-quality,0.4,0.2,0.4,0.4122549566231728,0.3954893730271861,0.3379938334425955,218.0
369,arg-quality,0.4,0.2,0.6000000000000001,0.4122549566231728,0.39700172322143606,0.3469988412626078,219.0
370,arg-quality,0.4,0.2,0.8,0.4122549566231728,0.3971685182119386,0.3511187569478351,220.0
371,arg-quality,0.4,0.2,1.0,0.4122549566231728,0.396492297819718,0.35594931782897976,221.0
372,arg-quality,0.4,0.4,0.0,0.4122549566231728,0.397075526010484,0.3418135617514277,222.0
373,arg-quality,0.4,0.4,0.2,0.4122549566231728,0.3964742159915609,0.3367880977631573,223.0
374,arg-quality,0.4,0.4,0.4,0.4122549566231728,0.3951955880954332,0.3387381849726936,224.0
375,arg-quality,0.4,0.4,0.6000000000000001,0.4122549566231728,0.3969141664624109,0.34522428975018543,225.0
376,arg-quality,0.4,0.4,0.8,0.4122549566231728,0.39744798426586897,0.34877398371918145,226.0
377,arg-quality,0.4,0.4,1.0,0.4122549566231728,0.3968938912510748,0.3545512193061898,227.0
378,arg-quality,0.4,0.6000000000000001,0.0,0.4122549566231728,0.397075526010484,0.3418135617514277,228.0
379,arg-quality,0.4,0.6000000000000001,0.2,0.4122549566231728,0.3964530862462373,0.33964103832393955,229.0
380,arg-quality,0.4,0.6000000000000001,0.4,0.4122549566231728,0.395742906759479,0.3408662394451885,230.0
381,arg-quality,0.4,0.6000000000000001,0.6000000000000001,0.4122549566231728,0.3962837184856755,0.3431545273413849,231.0
382,arg-quality,0.4,0.6000000000000001,0.8,0.4122549566231728,0.3963844678755049,0.3488168276403525,232.0
383,arg-quality,0.4,0.6000000000000001,1.0,0.4122549566231728,0.3986496132212445,0.3742855713602055,233.0
384,arg-quality,0.4,0.8,0.0,0.4122549566231728,0.397075526010484,0.3418135617514277,234.0
385,arg-quality,0.4,0.8,0.2,0.4122549566231728,0.39713679871664775,0.3417341452189032,235.0
386,arg-quality,0.4,0.8,0.4,0.4122549566231728,0.3966324457550846,0.3422400318151007,236.0
387,arg-quality,0.4,0.8,0.6000000000000001,0.4122549566231728,0.3960953104519566,0.3423987123816646,237.0
388,arg-quality,0.4,0.8,0.8,0.4122549566231728,0.3960953104519566,0.3464916948307721,238.0
389,arg-quality,0.4,0.8,1.0,0.4122549566231728,0.4015474753517735,0.4099520347693271,239.0
390,arg-quality,0.6000000000000001,0.0,0.0,0.4123586284984561,0.3905837200369514,0.33274415739510665,240.0
391,arg-quality,0.6000000000000001,0.0,0.2,0.4123586284984561,0.3901781324496102,0.3286686271914145,241.0
392,arg-quality,0.6000000000000001,0.0,0.4,0.4123586284984561,0.3902929604459289,0.3286187747709044,242.0
393,arg-quality,0.6000000000000001,0.0,0.6000000000000001,0.4123586284984561,0.3904287670643307,0.33268570155105714,243.0
394,arg-quality,0.6000000000000001,0.0,0.8,0.4123586284984561,0.39040505097828815,0.3330970287047869,244.0
395,arg-quality,0.6000000000000001,0.0,1.0,0.4123586284984561,0.3907033648970529,0.3396850342025703,245.0
396,arg-quality,0.6000000000000001,0.2,0.0,0.4123586284984561,0.3905837200369514,0.33274415739510665,246.0
397,arg-quality,0.6000000000000001,0.2,0.2,0.4123586284984561,0.3901781324496102,0.3286686271914145,247.0
398,arg-quality,0.6000000000000001,0.2,0.4,0.4123586284984561,0.3902929604459289,0.3286187747709044,248.0
399,arg-quality,0.6000000000000001,0.2,0.6000000000000001,0.4123586284984561,0.3904287670643307,0.33268570155105714,249.0
400,arg-quality,0.6000000000000001,0.2,0.8,0.4123586284984561,0.39040505097828815,0.3330970287047869,250.0
401,arg-quality,0.6000000000000001,0.2,1.0,0.4123586284984561,0.3907033648970529,0.3396850342025703,251.0
402,arg-quality,0.6000000000000001,0.4,0.0,0.4123586284984561,0.3905837200369514,0.33274415739510665,252.0
403,arg-quality,0.6000000000000001,0.4,0.2,0.4123586284984561,0.3901781324496102,0.3286304339847129,253.0
404,arg-quality,0.6000000000000001,0.4,0.4,0.4123586284984561,0.3902929604459289,0.3286187747709044,254.0
405,arg-quality,0.6000000000000001,0.4,0.6000000000000001,0.4123586284984561,0.3904287670643307,0.33268570155105714,255.0
406,arg-quality,0.6000000000000001,0.4,0.8,0.4123586284984561,0.39040505097828815,0.3330970287047869,256.0
407,arg-quality,0.6000000000000001,0.4,1.0,0.4123586284984561,0.3907033648970529,0.3396850342025703,257.0
408,arg-quality,0.6000000000000001,0.6000000000000001,0.0,0.4123586284984561,0.3905837200369514,0.33274415739510665,258.0
409,arg-quality,0.6000000000000001,0.6000000000000001,0.2,0.4123586284984561,0.3902656608942176,0.3257971357255808,259.0
410,arg-quality,0.6000000000000001,0.6000000000000001,0.4,0.4123586284984561,0.3893602945297081,0.32846468438055,260.0
411,arg-quality,0.6000000000000001,0.6000000000000001,0.6000000000000001,0.4123586284984561,0.38945396370792107,0.33054666111068604,261.0
412,arg-quality,0.6000000000000001,0.6000000000000001,0.8,0.4123586284984561,0.3890477026675141,0.3294199519681161,262.0
413,arg-quality,0.6000000000000001,0.6000000000000001,1.0,0.4123586284984561,0.39092266939599024,0.339963745084488,263.0
414,arg-quality,0.6000000000000001,0.8,0.0,0.4123586284984561,0.3905837200369514,0.33274415739510665,264.0
415,arg-quality,0.6000000000000001,0.8,0.2,0.4123586284984561,0.3903144106350311,0.3316929497800428,265.0
416,arg-quality,0.6000000000000001,0.8,0.4,0.4123586284984561,0.38973560573446064,0.3306968079632737,266.0
417,arg-quality,0.6000000000000001,0.8,0.6000000000000001,0.4123586284984561,0.3898426484125759,0.33060267099553464,267.0
418,arg-quality,0.6000000000000001,0.8,0.8,0.4123586284984561,0.3898426484125759,0.33057139558426296,268.0
419,arg-quality,0.6000000000000001,0.8,1.0,0.4123586284984561,0.3946410677078803,0.3960790898214516,269.0
420,arg-quality,0.8,0.0,0.0,0.0,0.0,0.0,270.0
